<?xml version="1.0" encoding="UTF-8"?>
<!DOCTYPE suite SYSTEM "https://testng.org/testng-1.0.dtd">
<suite name="Suite" >
<listeners>
<listener class-name="JukinMedia.Grails.Listeners" />
</listeners>
   <test name="Test1">
    <classes>
      <class name="JukinMedia.Grails.loginpage"/>
    </classes>
    </test>
    
        <test name="Test2">
    <classes>
      <class name="JukinMedia.Grails.registerPage"/>
    </classes>
    </test>
  
  <test name="Test3">
    <classes>
      <class name="JukinMedia.Grails.forgotPassword"/>
    </classes>
    </test>
    
    
   <!-- Test -->
</suite> <!-- Suite -->
